{
  "project_info": {
    "project_number": "1057742650393",
    "project_id": "saherois",
    "storage_bucket": "saherois.appspot.com"
  },
  "client": [
    {
      "client_info": {
        "mobilesdk_app_id": "1:1057742650393:android:72b2364872a7882c333e88",
        "android_client_info": {
          "package_name": "com.example.myapplication"
        }
      },
      "oauth_client": [
        {
          "client_id": "1057742650393-h61cu58l58rffri38hr73a032odv5jas.apps.googleusercontent.com",
          "client_type": 3
        }
      ],
      "api_key": [
        {
          "current_key": "AIzaSyA4qx91oHLyeUrL0uWIl1-k6jybAGlDf_o"
        }
      ],
      "services": {
        "appinvite_service": {
          "other_platform_oauth_client": [
            {
              "client_id": "1057742650393-h61cu58l58rffri38hr73a032odv5jas.apps.googleusercontent.com",
              "client_type": 3
            }
          ]
        }
      }
    }
  ],
  "configuration_version": "1"
}